"nombre_variable","etiqueta","tipo","unidades","rango_valores","codigo_missing","fuente"
"id_estudio","Identificador único del participante","Texto","—","ERC-0001 a ERC-0300","—","Asignado al reclutamiento"
"fecha_reclutamiento","Fecha de ingreso al estudio","Fecha (DD/MM/AAAA)","—","Ene 2022 – Jul 2023","—","Registro de reclutamiento"
"edad","Edad al momento del reclutamiento","Numérica continua","Años","30–85","NA","Historia clínica"
"sexo","Sexo biológico","Categórica nominal","—","Masculino, Femenino","NA","Historia clínica"
"etnia","Autoidentificación étnica","Categórica nominal","—","Mestizo, Afrocolombiano, Indigena, Otro","NA","Entrevista al reclutamiento"
"nivel_educativo","Nivel educativo más alto alcanzado","Categórica ordinal","—","Ninguno, Primaria, Secundaria, Tecnico, Universitario","NA","Entrevista al reclutamiento"
"procedencia","Procedencia geográfica","Categórica nominal","—","Urbano, Rural","NA","Entrevista al reclutamiento"
"peso_kg_basal","Peso corporal en visita basal","Numérica continua","kg","40–200","NA","Medición directa"
"talla_cm","Talla en visita basal","Numérica continua","cm","145–185","NA","Medición directa"
"imc_basal","Índice de masa corporal en visita basal","Numérica continua","kg/m²","17–45","NA","Calculado: peso/(talla²)"
"pas_mmhg_basal","Presión arterial sistólica en visita basal","Numérica continua","mmHg","90–220","NA","Medición directa (promedio 3 tomas)"
"pad_mmhg_basal","Presión arterial diastólica en visita basal","Numérica continua","mmHg","50–120","NA","Medición directa (promedio 3 tomas)"
"diabetes","Diagnóstico de diabetes mellitus","Lógica (0/1)","—","0 = No, 1 = Sí","—","Historia clínica / criterios ADA"
"hipertension","Diagnóstico de hipertensión arterial","Lógica (0/1)","—","0 = No, 1 = Sí","—","Historia clínica / criterios JNC"
"cardiopatia_isquemica","Diagnóstico de cardiopatía isquémica","Lógica (0/1)","—","0 = No, 1 = Sí","—","Historia clínica"
"tabaquismo_actual","Tabaquismo activo al momento del reclutamiento","Lógica (0/1)","—","0 = No, 1 = Sí","—","Entrevista al reclutamiento"
"tabaquismo_previo","Tabaquismo previo (exfumador)","Lógica (0/1)","—","0 = No, 1 = Sí","—","Entrevista al reclutamiento"
"etiologia_erc","Etiología principal de la ERC","Categórica nominal","—","Diabetica, Hipertensiva, Glomerulonefritis, Poliquistica, Otra_desconocida","NA","Historia clínica / nefrólogo tratante"
"estadio_basal","Estadio KDIGO de ERC al reclutamiento","Categórica ordinal","—","G2, G3a, G3b, G4","NA","Clasificado según TFG basal (CKD-EPI)"
"tfg_ml_min_basal","TFG estimada (CKD-EPI) en visita basal","Numérica continua","mL/min/1.73m²","10–89","NA","Calculada: fórmula CKD-EPI 2021"
"creatinina_mg_dl_basal","Creatinina sérica en visita basal","Numérica continua","mg/dL","0.5–20","NA","Laboratorio clínico"
"hemoglobina_g_dl_basal","Hemoglobina en visita basal","Numérica continua","g/dL","6–17","NA","Hemograma de laboratorio"
"albumina_g_dl_basal","Albúmina sérica en visita basal","Numérica continua","g/dL","2.0–5.0","NA","Laboratorio clínico"
"proteinuria_mg_g_basal","Cociente proteína/creatinina en orina basal","Numérica continua","mg/g","30–5000","NA","Laboratorio clínico (muestra de orina aislada)"
"ieca_o_ara2","Uso de IECA o ARA2 al reclutamiento","Lógica (0/1)","—","0 = No, 1 = Sí","—","Revisión de prescripciones"
"estatinas","Uso de estatinas al reclutamiento","Lógica (0/1)","—","0 = No, 1 = Sí","—","Revisión de prescripciones"
"n_medicamentos_totales","Número total de medicamentos al reclutamiento","Numérica discreta","Número","0–12","NA","Revisión de prescripciones"
"perdida_seguimiento_m12","Pérdida de seguimiento al mes 12","Lógica (0/1)","—","0 = No perdido, 1 = Perdido","—","Registro de seguimiento"
"motivo_perdida_m12","Motivo de pérdida al mes 12","Categórica nominal","—","Retiro_voluntario, Cambio_residencia, Fallecimiento, Perdida_contacto","NA (si no hubo pérdida)","Registro de seguimiento"
"tfg_ml_min_m12","TFG estimada en visita mes 12","Numérica continua","mL/min/1.73m²","5–89","NA","Calculada: fórmula CKD-EPI 2021"
"creatinina_mg_dl_m12","Creatinina sérica en visita mes 12","Numérica continua","mg/dL","0.5–20","NA","Laboratorio clínico"
"pas_mmhg_m12","Presión arterial sistólica en mes 12","Numérica continua","mmHg","85–220","NA","Medición directa"
"hemoglobina_g_dl_m12","Hemoglobina en visita mes 12","Numérica continua","g/dL","5–17","NA","Hemograma de laboratorio"
"albumina_g_dl_m12","Albúmina sérica en visita mes 12","Numérica continua","g/dL","1.8–5.0","NA","Laboratorio clínico"
"peso_kg_m12","Peso corporal en visita mes 12","Numérica continua","kg","40–200","NA","Medición directa"
"proteinuria_mg_g_m12","Cociente proteína/creatinina en orina mes 12","Numérica continua","mg/g","20–6000","NA","Laboratorio clínico"
"perdida_seguimiento_m24","Pérdida de seguimiento al mes 24","Lógica (0/1)","—","0 = No perdido, 1 = Perdido","—","Registro de seguimiento"
"motivo_perdida_m24","Motivo de pérdida al mes 24","Categórica nominal","—","Retiro_voluntario, Cambio_residencia, Fallecimiento, Perdida_contacto","NA (si no hubo pérdida)","Registro de seguimiento"
"tfg_ml_min_m24","TFG estimada en visita mes 24","Numérica continua","mL/min/1.73m²","4–89","NA","Calculada: fórmula CKD-EPI 2021"
"creatinina_mg_dl_m24","Creatinina sérica en visita mes 24","Numérica continua","mg/dL","0.5–25","NA","Laboratorio clínico"
"pas_mmhg_m24","Presión arterial sistólica en mes 24","Numérica continua","mmHg","80–220","NA","Medición directa"
"hemoglobina_g_dl_m24","Hemoglobina en visita mes 24","Numérica continua","g/dL","4.5–17","NA","Hemograma de laboratorio"
"albumina_g_dl_m24","Albúmina sérica en visita mes 24","Numérica continua","g/dL","1.5–5.0","NA","Laboratorio clínico"
"peso_kg_m24","Peso corporal en visita mes 24","Numérica continua","kg","40–200","NA","Medición directa"
"proteinuria_mg_g_m24","Cociente proteína/creatinina en orina mes 24","Numérica continua","mg/g","15–7000","NA","Laboratorio clínico"
"progresion_g5_o_trr","Desenlace primario: progresión a G5 o TRR","Lógica (0/1)","—","0 = No, 1 = Sí","—","Revisión de historia clínica al mes 24"
"tiempo_seguimiento_dias","Tiempo hasta evento o último seguimiento","Numérica continua","Días","30–730","NA","Calculado: fecha evento – fecha reclutamiento"
